name,N,L1,Linf,L1_rate,Linf_rate
MM3/1rev/rtol_0,32,0.04754483931359571,0.10237288128835187,,
MM3/1rev/rtol_0,64,0.01415661840412173,0.03865367116683993,1.7478120647626894,1.4051562471072467
MM3/1rev/rtol_0,128,0.0038484282816907906,0.01681063482009948,1.8791354225792318,1.2012312357996984
MM3/1rev/rtol_1e-1,32,0.0002471907407914151,0.0005168843768966203,,
MM3/1rev/rtol_1e-1,64,1.212094407110387e-05,2.902870719495576e-05,4.350050727809036,4.154289369213914
MM3/1rev/rtol_1e-1,128,6.665419320006581e-07,1.7252873610040798e-06,4.184662623214896,4.072571742484074
MM7/1rev/rtol_0,32,0.04098092507999258,0.09490067536833802,,
MM7/1rev/rtol_0,64,0.009668031163640681,0.029166689634063436,2.0836585227270517,1.702096702060184
MM7/1rev/rtol_0,128,0.001925761728225657,0.01079414841379267,2.327792911843858,1.4340722234306533
MM7/1rev/rtol_1e-1,32,1.745389533134476e-07,3.356759363803974e-07,,
MM7/1rev/rtol_1e-1,64,4.2453881288181504e-10,9.482631346813264e-10,8.68343687907864,8.467565952978342
MM7/1rev/rtol_1e-1,128,1.0856258593893143e-12,2.8742563884520678e-12,8.61122565502464,8.365954881307472
MUSCL-Hancock,32,0.004142733774560007,0.008416700964817725,,
MUSCL-Hancock,64,0.0005933681998653488,0.0015762434904209588,2.8035835948089325,2.41676444852525
MUSCL-Hancock,128,0.0001320658678744278,0.00031668794466843675,2.1676699576549967,2.31535655793449
MUSCL-RK3,32,0.026184715348956153,0.04154440096744161,,
MUSCL-RK3,64,0.006458105520061671,0.010207760502752294,2.0195420028081688,2.024987669124378
MUSCL-RK3,128,0.0016084699558773538,0.0025317375835693517,2.00542202499997,2.0114666044655785
ZS3,32,0.000232183281750234,0.0005149037070109053,,
ZS3,64,1.082050743073298e-05,2.570554201042352e-05,4.423424033901739,4.32415131949272
ZS3,128,5.860905663902387e-07,1.453661421624286e-06,4.20650072995463,4.1443162427964815
ZS3lazy,32,0.0042467212646707005,0.011315243399600449,,
ZS3lazy,64,0.0012524377475388176,0.0032325542766421657,1.7616105239032407,1.8075211193012637
ZS3lazy,128,0.00032617890930555836,0.0008347502918808805,1.9410034903296145,1.9532579961486864
ZS7,32,1.498161416185507e-07,3.092566711049294e-07,,
ZS7,64,2.7651668134747385e-10,6.116703810121749e-10,9.081610840752052,8.981834583204245
ZS7,128,7.697464769489934e-13,1.8893775433070914e-12,8.488767441605791,8.338699591869402
ZS7lazy,32,0.004615430651751696,0.012292134296184105,,
ZS7lazy,64,0.0012593376229048947,0.0032037244947338704,1.8738001524846104,1.9399134409218994
ZS7lazy,128,0.00032747967986490427,0.0008377035351670564,1.9431878199190629,1.9352384211656215
